assignment_group,application
STL_Encounters,Encounters Platform
CAAS 2.0 PRODUCTION SUPPORT,OCOE Platform
IT-ESOC-MIM,Enterprise Monitoring
UMV-Production-Support,UMV System
STL PDS Production Support,PDS Platform
STL_EDI_PRODUCTIONSUPPORT,EDI Platform
STL_MedMgt_IT,Medical Management System
ECS IT PROD SUPPORT,ECS Platform
CNC Web Prod Support Engineering,CNC Web Platform
IT-Service Desk-SelfService,IT Service Management
IT-Service Desk,IT Service Management
STL_IVR_Support,IVR System
STL_Claims_Systems,Claims Platform
CNC Web Support,CNC Web Platform
IT-PREADJ-COGNIZANT,Pre-Adjudication Platform
STL_PRIME_Support,Prime Platform
IT-Outbound State Files-Production Support,Outbound File System
IT ABS Surrounds KBASE,ABS Surround Systems
STL_OMNI_Support,Omni Platform
IT-Embark DevOps-Prod Support,Embark Platform
FS_T2017_DATA_QUALITY,Data Quality Platform
IT-CWS Support,CWS System
CAREConnects - WellCare,CAREConnect
STL_IT_Pre-Adjudication,Pre-Adjudication Platform
EDI_PRODUCTIONSUPPORT-DEV,EDI Platform
IT-Encounters-NY,Encounters Platform
MMPUMSupport - WellCare,MMP UM System
IT-ServiceDesk-AdvancedSupport,IT Service Management
TruCare Prod Support,TruCare Platform
Retriggers-TruCareClassic-ProdSupport,TruCare Classic
FS_T2017_COMM,T2017 Communication
IT-Clinical Apps Production Support,Clinical Applications
IT-COA-SpecialProjectSupport,COA Platform
STL_CENPROV_BUS_SUPPORT,Provider Systems
DXE-Production Support,DXE Platform
FS_T2017_OMNI,T2017 Omni
FS_T2017_A&G,T2017 A&G
FS_T2017_FSB,T2017 FSB
Xcelys - WellCare,Xcelys Platform
IT-COA-UiPath Support,RPA Platform
DXE-Manage My Health Prod Support,Manage My Health
Call Center-Dev Ops,Call Center Platform
CCCM_Support - WellCare,CCCM System
TruCare_NextGen_Dev_Support,TruCare NextGen
STL_Provider_Support,Provider Systems
Bus-TCA Support,TCA Business System
Click Tier 2 Support,Click Scheduling
Loyalty & Rewards Business,Loyalty Platform
STL_OMPR_Production_Support,OMPR Platform
FS_T2017_CareRadius,T2017 CareRadius
IT-Marketplace-Support,Marketplace System
STL_EDI_Business_Support,EDI Platform
TRUCARE CLOUD-PROD SUPPORT TRIAGE,TruCare Cloud
IT ABS & Surrounds SRE,ABS Platform
IT-Payment-Support,Payment Platform
HS-SYSTEMINTEGRATION - WellCare,System Integration
IT-COA Pega RPA Support,RPA Platform
IT ABS Claims-Encounters,ABS Claims Platform
IT-SE-DTLS,DTLS System
Claims_Application_Support - WellCare,Claims Platform
IT ABS Surrounds TR,ABS Surround Systems
STL_CenPas_Support,CenPas System
IT Loyalty & Rewards,Loyalty Platform
IT ABS Encounters,ABS Encounters
ENCOUNTERS DEV AND SUPPORT - WellCare,Encounters Platform
IT ABS Surrounds NDS,ABS Surround Systems
ADUT team,ADUT System
IT ABS Surrounds ESB,ABS Surround Systems
FS_T2017_RiskManager,T2017 Risk Manager
ECS MACESS FORMWORKS HNT SUPPORT,ECS Platform
IT ABS Surrounds HNCAP & HNCAS,ABS Surround Systems
IT ABS Surrounds FARE,ABS Surround Systems
IT-Knowledge Management,Knowledge Management
BUS-Krames Support,Krames Business System
CNC_CHG_ADMIN,CNC Change Management
Bus-Wellframe Support,Wellframe Business System
IT-ServiceDesk-Relations,IT Service Management
PCA_IBPS - WellCare,PCA IBPS
iCAREPath - WellCare,iCAREPath
Provider_Ops - WellCare,Provider Operations
IT ABS Surrounds ACCUM,ABS Surround Systems
IT-EntryKeyID Identity as a Service,Identity Management
Click_Software_Support,Click Scheduling
FS_T2017_Web,T2017 Web
IT Enterprise Problem Mgmt,Enterprise Problem Management
STL_IT_Claims_Adjudication,Claims Adjudication
IT ABS Surrounds GEMS,ABS Surround Systems
IT ABS Surrounds PSAS,ABS Surround Systems
IT ABS Surrounds CAT,ABS Surround Systems
IT-Core-Network,Infrastructure Services
Bus-Care Team Assignment (CTA) Support,CTA Business System
STL_OMPR_Reporting,OMPR Platform
IT Event Management,Enterprise Monitoring
ProductionSystemsManagement_RTR_ProdSupport,Production Systems Management
Bus-Care Manager Assignment (CMA) Support,CMA Business System
IT ABS Membership-Billing-Broker,ABS Platform
Development - Batch Admin - FID,Batch Administration
IT-Embark,Embark Platform
FS_T2017_RRS,T2017 RRS
DXE-Provider Directories Prod Support,Provider Directories
IT ABS Surrounds PPCS,ABS Surround Systems
CNC CHANGE CONTROL COORDINATION,CNC Change Management
CNC APPS ABS PROD SUPPORT,ABS Platform
STL_IT_FWA_SUPPORT,FWA System
CNC_EBCT_Support,EBCT Platform
IT ABS Billing Broker,ABS Platform
IT-EMBARK-DEVOPS,Embark Platform
DXE-Digital Continuity Prod Support,Digital Continuity
FS_T2017_HNFS_IT_ARCH,T2017 HNFS
FS_T2017_DOMA_External,T2017 DOMA
IT-IAM Access Administration,Identity Management
IT_Prime_Production_Support,Prime Platform
IT ABS Providers,ABS Platform
IT-QualChoice-Data Warehouse,QualChoice Data Warehouse
IT-AWS-Connect Contact Center Technology,Cloud Contact Center
IT-EMBARK-NONPROD,Embark Platform
FS_T2017_PNM,T2017 PNM
STL_Robotics_Claims_Support,Robotics Claims
Availity-Services-PROD-Support,Availity Services
DXE-Manage My Plan Info Prod Support,Manage My Plan Info
IT ABS Surrounds BRCC,ABS Surround Systems
IT-Dauntless Delivery Backend Services,Dauntless Platform
IT ABS Surrounds SAS,ABS Surround Systems
IT-DataStorage,Data Storage Services
FS - SFTP ADMIN,SFTP Administration
IT_Capitation,Capitation Platform
IT ABS Core Prod Support,ABS Core Platform
CAREPath_ITSupport - WellCare,CAREPath
RDM RTR Support,RDM Platform
Enrollment - WellCare,Enrollment System
Development - Surrounding Apps - FID,Surrounding Applications
IT-TSS-Mac-Support/Fulfillment,Mac Support Services
IT ABS Surrounds DOFR,ABS Surround Systems
IS-Operations_MFT,File Transfer Platform
Special Review Team,Special Review
IT-DigitalCloudEngineering,Cloud Engineering
IT ABS Capitation,ABS Platform
IT-Server-Windows,Infrastructure Services
IT-DBA-SQL,Database Services
IT-CSR,CSR System
PSM_NYHP_ProdSupport,PSM NYHP
IT-ESOC-Operations,Enterprise Monitoring
IT ABS Surrounds AMES,ABS Surround Systems
Accumulator Integration,Accumulator System
PSM_ProviderRTR_ProdSupport,PSM Provider RTR
IT ABS Surrounds GPICS,ABS Surround Systems
EDI_Analysts - WellCare,EDI Platform
FS_T2017_DMDC_Web_External,T2017 DMDC Web
IT ABS Surrounds,ABS Surround Systems
IT ABS Core Dev Portfolio,ABS Core Platform
IT-DBA-Oracle-Tools,Database Services
IT ABS AWS Cloud,ABS Cloud Platform
IT-PSM-AOC,Production Systems Management
IT-ProductionSupport-Disruptors,Enterprise Support
IT-TruCare-Classic-Development,TruCare Classic
IT-ServiceDesk-CommandCenter,IT Service Management
EDI_CIS - WellCare,EDI Platform
IT-FaxTechnology,Fax Technology
IT-Server-Unix,Infrastructure Services
STL_CenProv_IT_Support,Provider Systems
IT_Data Analytics,Data Analytics Platform
FS-Infra-Team,Infrastructure Services
FS_OPENTEXT_PROD,OpenText Platform
IT ABS Surrounds Prod Support,ABS Surround Systems
IT QualChoice DataWarehouse Support,QualChoice Data Warehouse
PSM_ClaimsRTR_ProdSupport,PSM Claims RTR
Risk Delegation - WellCare,Risk Delegation
PSM_MemberRTR_ProdSupport,PSM Member RTR
IT_PSM_Amisys_ProdSupport,PSM Amisys
IT QualChoice WebApplication Support,QualChoice Platform
FS_T2017_PGBA_External,T2017 PGBA
Peak Performance Monitoring,Performance Monitoring
IT-Client-Virtualization,Infrastructure Services
DXE-CIAM Prod Support,CIAM Platform
IT-Enterprise Scheduling MFT,File Transfer Platform
PDS-Engineering Services,PDS Platform
IT-SRE-CCA CM Support,CCA Platform
PSM_XCELYS_PRODSUPPORT,PSM Xcelys
Provider_RTR_Support,Provider RTR
IT-SRE-FACETS UM Support,Facets Platform
STL_Market_Prominence_IT,Market Prominence
Claims RTR Support,Claims Platform
KaaS_Support,KaaS Platform
CCM APPS,CCM Applications
Provider-Amisys-Interface,Provider Systems
STL_Provider_Payments,Provider Systems
CentEvent_Support,CentEvent System
IT-DPE-SRE,DPE Platform
CareCentral UM - WellCare,CareCentral UM
PSM_IT_Capitation_Support,PSM Capitation
